block_id,gain_per_block,product_cumsum
21,22526.54000000001,10
530,17448.650000000005,20
1121,17395.250000000015,30
2671,16191.150000000012,38
442,15724.950000000003,48
418,15717.800000000008,57
1403,15263.150000000005,67
1677,15195.900000000009,76
1409,15132.000000000004,83
1446,14989.25000000001,93
